,VAANG,VAMAG,VBANG,VBMAG,VCANG,VCMAG,VDANG,VDMAG,BRKa,BRKb,BRKc,BRKd,BRKs
0,-0.97786,127660.0,-0.97786,127660.0,-0.97786,127660.0,-0.97786,127660.0,1,1,1,1,1111
1,-0.97669,127710.0,-0.97669,127710.0,-0.97669,127710.0,-0.97669,127710.0,1,1,1,1,1111
2,-0.97528,127750.0,-0.97528,127750.0,-0.97528,127750.0,-0.97528,127750.0,1,1,1,1,1111
3,-0.97245,127740.0,-0.97245,127740.0,-0.97245,127740.0,-0.97245,127740.0,1,1,1,1,1111
4,-0.97127,127710.0,-0.97127,127710.0,-0.97127,127710.0,-0.97127,127710.0,1,1,1,1,1111
